Mes,Ventas,Leads_Generados,Leads_Efectivos,Cita_Programada,Cita_Efectiva,Prueba_Manejo,SDC_Generada,SDC_Aprobada,Formalizado,Mes_Num
Enero 2025,26.0,1029.0,710.0,189.0,109.0,86.0,82.0,29.0,19.0,1
Febrero 2025,20.0,537.0,446.0,117.0,101.0,97.0,75.0,27.0,11.0,2
Marzo 2025,30.0,925.0,731.0,181.0,140.0,77.0,92.0,30.0,18.0,3
Abril 2025,30.0,1149.0,873.0,174.0,114.0,81.0,59.0,35.0,17.0,4
Mayo 2025,34.0,815.0,689.0,166.0,157.0,121.0,76.0,40.0,19.0,5
Junio 2025,40.0,1083.0,694.0,226.0,177.0,111.0,97.0,46.0,25.0,6
Julio 2025,36.0,1358.0,893.0,256.0,193.0,127.0,104.0,41.0,21.0,7
Agosto 2025,27.0,1419.0,624.0,300.0,194.0,123.0,99.0,27.0,13.0,8
Septiembre 2025,38.0,1100.0,660.0,273.0,212.0,116.0,127.0,43.0,25.0,9
Octubre 2025,40.0,1192.0,695.0,304.0,220.0,154.0,136.0,51.0,25.0,10
Noviembre 2025,43.0,1075.0,758.0,329.0,225.0,116.0,119.0,49.0,24.0,11
Diciembre 2025,34.0,1534.0,1137.0,290.0,235.0,130.0,111.0,31.0,14.0,12
Enero 2026,38.0,1499.0,1217.0,274.0,215.0,148.0,113.0,35.0,21.0,13
Febrero 2026,31.0,1373.0,1045.0,434.0,337.0,109.0,83.0,37.0,17.0,14
Marzo 2026,41.0,1678.0,1186.0,305.0,237.0,118.0,85.0,41.0,18.0,15
Abril 2026,41.0,1393.0,724.0,146.0,105.0,117.0,74.0,41.0,16.0,16
Mayo 2026,35.0,1251.0,735.0,355.0,267.0,143.0,95.0,44.0,18.0,17
Junio 2026,37.0,1315.0,754.0,251.0,154.0,128.0,81.0,35.0,12.0,18
